bgt_name,polygon,x_min,y_max,x_max,y_min
rijbaan_lokale_weg,"[[114670.662, 484969.036], [114666.923, 484967.827], [114606.709, 484948.507], [114604.898, 484947.885], [114599.559, 484946.182], [114597.665, 484951.87], [114598.538, 484952.095], [114602.815, 484953.465], [114613.92, 484957.031], [114649.793, 484968.548], [114664.787, 484973.335], [114665.048, 484973.403], [114667.413, 484973.815], [114668.918, 484974.054], [114678.667, 484975.838], [114683.677, 484976.781], [114684.085, 484976.869], [114685.586, 484977.29], [114691.813, 484979.284], [114693.569, 484973.801], [114667.752, 484965.468], [114671.265, 484967.156], [114676.856, 484969.777], [114676.9000569, 484969.8055179], [114676.9415515, 484969.83765], [114676.9801883, 484969.8731673], [114677.0156917, 484969.9118168], [114677.0478089, 484969.953323], [114677.076311, 484969.9973901], [114677.1009947, 484970.0437041], [114677.1216844, 484970.091935], [114677.1382324, 484970.141739], [114677.1505209, 484970.1927613], [114677.1584623, 484970.2446382], [114677.162, 484970.297], [114677.161027, 484970.3508294], [114677.1554003, 484970.4043727], [114677.1451623, 484970.4572285], [114677.1303897, 484970.5090003], [114677.1111932, 484970.5592999], [114677.0877169, 484970.60775], [114677.0601367, 484970.6539873], [114677.0286596, 484970.697665], [114676.9935216, 484970.7384556], [114676.9549863, 484970.7760531], [114676.9133425, 484970.8101756], [114676.8689026, 484970.8405672], [114676.822, 484970.867], [114676.7751204, 484970.8861317], [114676.7267441, 484970.9010802], [114676.6772436, 484970.9117303], [114676.627, 484970.918], [114676.5765674, 484970.9198423], [114676.5261668, 484970.917271], [114676.4761835, 484970.9103058], [114676.427, 484970.899], [114670.662, 484969.036]]",114597.665,484979.284,114693.569,484946.182
rijbaan_regionale_weg,"[[114550.95, 484941.449], [114553.189, 484934.518], [114545.129, 484931.934], [114542.895, 484938.881], [114550.814, 484941.427], [114550.95, 484941.449]]",114542.895,484941.449,114553.189,484931.934
rijbaan_regionale_weg,"[[114556.333, 484924.788], [114559.096, 484916.236], [114551.009, 484913.65], [114548.257, 484922.207], [114556.333, 484924.788]]",114548.257,484924.788,114559.096,484913.65
rijbaan_regionale_weg,"[[114598.528, 484914.114], [114613.824, 484865.819], [114619.308, 484848.463], [114621.284, 484842.412], [114626.226, 484828.205], [114626.646, 484827.122], [114628.6270195, 484822.629017], [114630.7450182, 484818.1989586], [114632.998, 484813.836], [114633.3686504, 484813.1485098], [114633.7426534, 484812.4628377], [114634.12, 484811.779], [114630.554, 484809.871], [114630.0613454, 484810.7426558], [114629.5716768, 484811.6159925], [114629.085, 484812.491], [114627.6143848, 484815.1788452], [114626.1719987, 484817.881944], [114624.758, 484820.6], [114619.829, 484830.27], [114616.266, 484837.455], [114614.275469, 484841.6266968], [114612.3519714, 484845.8297225], [114610.496, 484850.063], [114608.7145728, 484854.3094926], [114607.0010942, 484858.583855], [114605.356, 484862.885], [114604.877, 484864.178], [114596.971, 484889.007], [114594.511, 484896.669], [114592.18, 484904.153], [114589.843, 484911.443], [114587.924, 484917.12], [114587.641, 484918.099], [114596.849, 484920.97], [114596.8022516, 484920.9460166], [114596.7576522, 484920.9182407], [114596.7155086, 484920.8868635], [114596.676111, 484920.8521009], [114596.6397305, 484920.8141922], [114596.6066175, 484920.7733983], [114596.577, 484920.73], [114596.5481623, 484920.6785385], [114596.524238, 484920.6246169], [114596.5054347, 484920.5687033], [114596.4919154, 484920.5112826], [114596.4837974, 484920.4528532], [114596.4811513, 484920.3939219], [114596.484, 484920.335], [114597.897, 484916.106], [114598.528, 484914.114]]",114587.641,484920.97,114634.12,484809.871
rijbaan_regionale_weg,"[[114595.121, 484888.444], [114605.635, 484855.705], [114607.3967304, 484850.4569273], [114609.2740362, 484845.249079], [114611.266, 484840.084], [114613.4085355, 484834.8773147], [114615.6675828, 484829.7201125], [114618.042, 484824.615], [114618.8595989, 484822.9257372], [114619.689948, 484821.2427051], [114620.533, 484819.566], [114621.3284398, 484818.0123419], [114622.1347864, 484816.4643164], [114622.952, 484814.922], [114623.444, 484814.073], [114624.3612558, 484812.4391815], [114625.2875987, 484810.8104979], [114626.223, 484809.187], [114626.493588, 484808.7212323], [114626.7649216, 484808.2558986], [114627.037, 484807.791], [114623.478, 484805.787], [114619.3787917, 484813.1997215], [114615.5178185, 484820.7392729], [114611.899, 484828.398], [114608.9429507, 484835.1698959], [114606.1762383, 484842.0213268], [114603.601, 484848.947], [114602.018, 484853.691], [114592.244, 484884.144], [114587.641, 484898.517], [114585.158, 484906.163], [114584.197, 484909.147], [114584.173, 484909.224], [114583.306, 484912.065], [114583.0695731, 484912.6277609], [114582.8070477, 484913.1788308], [114582.519, 484913.717], [114582.2995321, 484914.0903008], [114582.0677801, 484914.4561022], [114581.824, 484914.814], [114581.602, 484915.093], [114580.871, 484915.895], [114585.861, 484917.551], [114586.16, 484916.621], [114587.981, 484910.854], [114590.312, 484903.532], [114592.657, 484896.059], [114595.121, 484888.444]]",114580.871,484917.551,114627.037,484805.787
rijbaan_regionale_weg,"[[114526.763, 484905.901], [114510.42, 484900.684], [114507.149, 484899.636], [114506.8167364, 484899.5543115], [114506.4823157, 484899.4819593], [114506.146, 484899.419], [114505.8374244, 484899.36975], [114505.5276902, 484899.3284077], [114505.217, 484899.295], [114501.024, 484898.863], [114491.779, 484897.937], [114491.330809, 484897.896534], [114490.8842958, 484897.8405114], [114490.44, 484897.769], [114489.9172883, 484897.6643646], [114489.3993288, 484897.5382933], [114488.887, 484897.391], [114478.427, 484893.968], [114478.385, 484893.954], [114476.505, 484893.366], [114472.688, 484892.173], [114470.818, 484891.605], [114461.761, 484888.669], [114459.637, 484887.994], [114457.952, 484887.516], [114440.514, 484881.893], [114420.937, 484875.684], [114411.317, 484872.582], [114410.009, 484876.391], [114426.109, 484881.543], [114427.097, 484881.797], [114465.789, 484894.184], [114466.741, 484894.544], [114466.9598202, 484894.6476779], [114467.1692022, 484894.7692944], [114467.3676786, 484894.9079973], [114467.5538586, 484895.0628146], [114467.7264374, 484895.2326613], [114467.8842058, 484895.4163473], [114468.026058, 484895.6125853], [114468.151, 484895.82], [114468.2601707, 484896.0417015], [114468.350019, 484896.2719124], [114468.4198892, 484896.5089523], [114468.4692713, 484896.7510911], [114468.4978048, 484896.9965613], [114468.5052815, 484897.2435712], [114468.4916467, 484897.4903178], [114468.457, 484897.735], [114468.168, 484898.705], [114476.48, 484901.362], [114476.7297408, 484901.0178996], [114477.0082527, 484900.6966418], [114477.3134566, 484900.4006247], [114477.643074, 484900.1320583], [114477.9946441, 484899.8929476], [114478.3655424, 484899.6850775], [114478.753, 484899.51], [114479.1422503, 484899.3726433], [114479.5416429, 484899.2683923], [114479.9483674, 484899.1979803], [114480.3595621, 484899.161903], [114480.7723338, 484899.1604141], [114481.1837781, 484899.1935241], [114481.591, 484899.261], [114482.177, 484899.424], [114486.892, 484900.891], [114488.634, 484901.411], [114525.588, 484911.817], [114525.6708551, 484911.8456528], [114525.7507563, 484911.8817323], [114525.8270396, 484911.9249388], [114525.899071, 484911.974913], [114525.9662517, 484912.0312397], [114526.0280233, 484912.0934507], [114526.0838726, 484912.1610288], [114526.1333352, 484912.2334125], [114526.176, 484912.31], [114526.2115191, 484912.390172], [114526.2395876, 484912.4732462], [114526.2599719, 484912.5585318], [114526.2725027, 484912.6453196], [114526.2770757, 484912.7328882], [114526.2736529, 484912.8205092], [114526.2622628, 484912.9074541], [114526.243, 484912.993], [114524.991, 484916.956], [114528.379, 484918.057], [114529.623, 484914.235], [114529.6443028, 484914.1602168], [114529.6717649, 484914.0874696], [114529.705195, 484914.0172645], [114529.7443606, 484913.9500901], [114529.788989, 484913.8864141], [114529.8387697, 484913.8266796], [114529.8933562, 484913.7713022], [114529.9523685, 484913.7206675], [114530.015396, 484913.6751278], [114530.082, 484913.635], [114530.1548548, 484913.5991801], [114530.2305502, 484913.5698358], [114530.308512, 484913.5471897], [114530.3881486, 484913.5314136], [114530.468856, 484913.5226271], [114530.5500219, 484913.520897], [114530.6310303, 484913.5262363], [114530.7112669, 484913.5386045], [114530.7901229, 484913.5579079], [114530.867, 484913.584], [114531.059, 484913.705], [114536.786, 484918.586], [114546.6, 484921.677], [114548.257, 484922.207], [114551.009, 484913.65], [114541.272, 484910.538], [114533.387, 484907.95], [114533.36, 484907.939], [114533.334, 484907.927], [114526.763, 484905.901]]",114410.009,484922.207,114551.009,484872.582
rijbaan_regionale_weg,"[[114582.937, 484934.062], [114580.5214749, 484933.6228049], [114578.1132702, 484933.1450976], [114575.713, 484932.629], [114573.5614956, 484932.1321426], [114571.4173482, 484931.6044396], [114569.281, 484931.046], [114567.44, 484936.821], [114570.0661677, 484937.6050869], [114572.7121156, 484938.3195862], [114575.376, 484938.964], [114577.5186513, 484939.4287407], [114579.6706378, 484939.8481364], [114581.831, 484940.222], [114584.1007637, 484940.5814829], [114586.3658805, 484940.9691695], [114588.626, 484941.385], [114591.4633994, 484941.9483605], [114594.2916305, 484942.5560768], [114597.11, 484943.208], [114598.593, 484943.55], [114600.276, 484943.978], [114602.408, 484937.851], [114598.7457387, 484937.0792305], [114595.0780085, 484936.3338843], [114591.405, 484935.615], [114588.5852094, 484935.081732], [114585.762514, 484934.5640601], [114582.937, 484934.062]]",114567.44,484943.978,114602.408,484931.046
rijbaan_regionale_weg,"[[114597.665, 484951.87], [114599.559, 484946.182], [114596.484, 484945.159], [114596.4446302, 484945.1428547], [114596.4067522, 484945.1234661], [114596.3706328, 484945.1009707], [114596.3365262, 484945.0755268], [114596.3046725, 484945.0473134], [114596.2752958, 484945.0165293], [114596.2486029, 484944.983391], [114596.2247817, 484944.9481318], [114596.204, 484944.911], [114596.1864258, 484944.8723108], [114596.1721519, 484944.8322862], [114596.1612785, 484944.7912073], [114596.153882, 484944.7493623], [114596.1500143, 484944.707045], [114596.1497025, 484944.6645525], [114596.1529489, 484944.6221831], [114596.1597306, 484944.5802341], [114596.17, 484944.539], [114596.526, 484943.502], [114596.5464823, 484943.4608655], [114596.5705467, 484943.4217185], [114596.5980018, 484943.3848703], [114596.6286296, 484943.3506137], [114596.6621865, 484943.3192209], [114596.6984059, 484943.2909414], [114596.737, 484943.266], [114596.7749281, 484943.2458916], [114596.8143979, 484943.2290091], [114596.8551356, 484943.2154694], [114596.8968588, 484943.2053665], [114596.9392778, 484943.1987705], [114596.9820987, 484943.1957272], [114597.0250243, 484943.1962575], [114597.0677568, 484943.200358], [114597.11, 484943.208], [114594.2916305, 484942.5560768], [114591.4633994, 484941.9483605], [114588.626, 484941.385], [114586.3658805, 484940.9691695], [114584.1007637, 484940.5814829], [114581.831, 484940.222], [114580.459, 484947.864], [114580.5311935, 484947.9010828], [114580.6000999, 484947.9439656], [114580.6652543, 484947.9923591], [114580.7262171, 484948.0459369], [114580.7825769, 484948.1043373], [114580.8339534, 484948.1671663], [114580.88, 484948.234], [114580.9203743, 484948.3043266], [114580.9548455, 484948.3777272], [114580.9831814, 484948.4537073], [114581.0051912, 484948.5317553], [114581.0207266, 484948.6113452], [114581.029683, 484948.6919411], [114581.032, 484948.773], [114581.030479, 484948.8329242], [114581.0254733, 484948.8926584], [114581.017, 484948.952], [114581.0050611, 484949.0108621], [114580.9897103, 484949.068928], [114580.971, 484949.126], [114579.551, 484953.289], [114579.24, 484954.2], [114578.602, 484956.137], [114582.562, 484957.402], [114586.554, 484954.591], [114586.564769, 484954.5800968], [114586.5757707, 484954.5694285], [114586.587, 484954.559], [114586.5981298, 484954.5490963], [114586.6094648, 484954.5394283], [114586.621, 484954.53], [114588.201, 484953.439], [114588.2098784, 484953.4337831], [114588.2188801, 484953.4287822], [114588.228, 484953.424], [114588.2372278, 484953.4194418], [114588.246563, 484953.4151076], [114588.256, 484953.411], [114588.858, 484953.035], [114589.861, 484952.559], [114590.902, 484952.174], [114591.974, 484951.884], [114593.068, 484951.692], [114594.221, 484951.598], [114594.7207624, 484951.588066], [114595.2205914, 484951.5937345], [114595.72, 484951.615], [114596.2027717, 484951.6504399], [114596.6842517, 484951.7004551], [114597.164, 484951.765], [114597.665, 484951.87]]",114578.602,484957.402,114599.559,484940.222
rijbaan_regionale_weg,"[[114604.217, 484931.847], [114603.6508204, 484931.5823468], [114603.0983728, 484931.29011], [114602.561, 484930.971], [114602.0305761, 484930.6191962], [114601.5184791, 484930.2412119], [114601.026, 484929.838], [114600.991576, 484929.8029971], [114600.9600711, 484929.7653453], [114600.9316884, 484929.7252874], [114600.9066108, 484929.6830816], [114600.885, 484929.639], [114600.8670138, 484929.5933797], [114600.8527412, 484929.5464648], [114600.842274, 484929.4985571], [114600.8356794, 484929.4499646], [114600.833, 484929.401], [114597.775, 484925.152], [114597.7443355, 484925.1286246], [114597.7156092, 484925.1029046], [114597.689, 484925.075], [114597.6649049, 484925.0453931], [114597.6431941, 484925.0139959], [114597.624, 484924.981], [114597.407, 484924.341], [114597.4052288, 484924.3287166], [114597.4038949, 484924.3163781], [114597.403, 484924.304], [114597.4025405, 484924.2913361], [114597.4025405, 484924.2786639], [114597.403, 484924.266], [114596.849, 484920.97], [114587.641, 484918.099], [114586.925, 484920.51], [114585.723, 484924.362], [114585.7032661, 484924.4035313], [114585.6798928, 484924.4431288], [114585.6530678, 484924.4804744], [114585.6230067, 484924.5152681], [114585.5899508, 484924.5472304], [114585.5541659, 484924.5761045], [114585.5159393, 484924.6016584], [114585.4755782, 484924.6236869], [114585.4334068, 484924.642013], [114585.3897639, 484924.6564895], [114585.345, 484924.667], [114585.3010919, 484924.6733017], [114585.2568035, 484924.6757868], [114585.212466, 484924.6744368], [114585.1684109, 484924.6692617], [114585.1249675, 484924.6603003], [114585.0824607, 484924.6476196], [114585.0412082, 484924.6313143], [114585.0015184, 484924.6115063], [114584.963688, 484924.5883439], [114584.928, 484924.562], [114584.8818219, 484924.5360976], [114584.8371116, 484924.5077366], [114584.794, 484924.477], [114584.7528004, 484924.4441356], [114584.7134291, 484924.4091017], [114584.676, 484924.372], [114582.937, 484934.062], [114585.762514, 484934.5640601], [114588.5852094, 484935.081732], [114591.405, 484935.615], [114595.0780085, 484936.3338843], [114598.7457387, 484937.0792305], [114602.408, 484937.851], [114602.535, 484937.486], [114602.94, 484936.194], [114604.217, 484931.847]]",114582.937,484937.851,114604.217,484918.099
rijbaan_regionale_weg,"[[114580.459, 484947.864], [114581.831, 484940.222], [114579.6706378, 484939.8481364], [114577.5186513, 484939.4287407], [114575.376, 484938.964], [114572.7121156, 484938.3195862], [114570.0661677, 484937.6050869], [114567.44, 484936.821], [114566.868, 484938.909], [114565.97, 484938.617], [114565.919, 484938.601], [114562.144, 484937.394], [114554.818, 484935.041], [114553.189, 484934.518], [114550.95, 484941.449], [114559.549, 484942.856], [114559.589, 484942.863], [114560.352, 484943.093], [114562.249, 484943.719], [114562.5165493, 484943.8286425], [114562.7809506, 484943.9456726], [114563.042, 484944.07], [114563.3821738, 484944.2456958], [114563.7156575, 484944.4337806], [114564.042, 484944.634], [114564.832, 484945.181], [114567.459, 484947.923], [114567.4960277, 484947.956557], [114567.5294752, 484947.9936837], [114567.559, 484948.034], [114567.5841681, 484948.0768404], [114567.6049048, 484948.1219927], [114567.621, 484948.169], [114567.896, 484948.634], [114567.9052899, 484948.6499975], [114567.9139608, 484948.6663389], [114567.922, 484948.683], [114567.9293078, 484948.6997439], [114567.9359776, 484948.716752], [114567.942, 484948.734], [114568.547, 484949.755], [114568.5665606, 484949.796514], [114568.5822706, 484949.8396328], [114568.594, 484949.884], [114568.6012393, 484949.9259732], [114568.6049147, 484949.9684072], [114568.605, 484950.011], [114569.651, 484953.198], [114576.804, 484955.516], [114577.439, 484953.638], [114577.641, 484953.009], [114577.749, 484952.674], [114579.091, 484948.493], [114579.1171768, 484948.4131711], [114579.1500357, 484948.3358525], [114579.1893395, 484948.2616023], [114579.2348045, 484948.1909566], [114579.2861024, 484948.1244254], [114579.3428629, 484948.0624889], [114579.4046762, 484948.0055944], [114579.4710962, 484947.9541525], [114579.5416433, 484947.9085347], [114579.6158081, 484947.8690702], [114579.6930554, 484947.8360439], [114579.7728274, 484947.8096942], [114579.8545483, 484947.7902115], [114579.9376281, 484947.7777363], [114580.021467, 484947.7723587], [114580.1054597, 484947.7741175], [114580.189, 484947.783], [114580.2814418, 484947.801364], [114580.3717152, 484947.828446], [114580.459, 484947.864]]",114550.95,484955.516,114581.831,484934.518
rijbaan_regionale_weg,"[[114582.937, 484934.062], [114584.676, 484924.372], [114584.6389238, 484924.3306314], [114584.6042209, 484924.2872528], [114584.572, 484924.242], [114584.5422798, 484924.1948759], [114584.5152514, 484924.1461581], [114584.491, 484924.096], [114584.182, 484923.345], [114584.1526408, 484923.3025305], [114584.1273698, 484923.2575082], [114584.1064072, 484923.2103256], [114584.0899357, 484923.1613939], [114584.078099, 484923.1111393], [114584.071, 484923.06], [114584.0687016, 484923.0111492], [114584.0707276, 484922.9622863], [114584.0770622, 484922.9137934], [114584.0876557, 484922.8660497], [114584.1024255, 484922.8194285], [114584.121256, 484922.7742943], [114584.144, 484922.731], [114585.061, 484919.95], [114585.861, 484917.551], [114580.871, 484915.895], [114577.738, 484918.28], [114577.7221513, 484918.299066], [114577.7054738, 484918.3174114], [114577.688, 484918.335], [114577.6697172, 484918.351839], [114577.6507047, 484918.3678495], [114577.631, 484918.383], [114576.91, 484918.757], [114576.8926253, 484918.7644238], [114576.8749477, 484918.7710946], [114576.857, 484918.777], [114576.8388581, 484918.782118], [114576.8205135, 484918.786454], [114576.802, 484918.79], [114572.997, 484919.764], [114571.979, 484919.815], [114571.6874689, 484919.8038019], [114571.3963868, 484919.7841296], [114571.106, 484919.756], [114570.731381, 484919.7070436], [114570.3588715, 484919.6440138], [114569.989, 484919.567], [114569.033, 484919.346], [114568.037, 484919.091], [114559.096, 484916.236], [114556.333, 484924.788], [114557.995, 484925.319], [114565.271, 484927.644], [114569.095, 484928.846], [114569.994, 484929.144], [114569.281, 484931.046], [114571.4173482, 484931.6044396], [114573.5614956, 484932.1321426], [114575.713, 484932.629], [114578.1132702, 484933.1450976], [114580.5214749, 484933.6228049], [114582.937, 484934.062]]",114556.333,484934.062,114585.861,484915.895
ov-baan,"[[114553.189, 484934.518], [114554.76, 484929.655], [114546.695, 484927.063], [114545.129, 484931.934], [114553.189, 484934.518]]",114545.129,484934.518,114554.76,484927.063
ov-baan,"[[114554.818, 484935.041], [114555.664, 484932.494], [114556.419, 484930.189], [114554.76, 484929.655], [114553.189, 484934.518], [114554.818, 484935.041]]",114553.189,484935.041,114556.419,484929.655
ov-baan,"[[114562.809, 484935.36], [114560.589, 484934.651], [114561.209, 484932.797], [114561.389, 484932.857], [114562.003, 484930.904], [114561.77, 484930.828], [114562.358, 484928.971], [114564.588, 484929.684], [114565.271, 484927.644], [114557.995, 484925.319], [114557.175, 484927.882], [114556.419, 484930.189], [114555.664, 484932.494], [114554.818, 484935.041], [114562.144, 484937.394], [114562.809, 484935.36]]",114554.818,484937.394,114565.271,484925.319
ov-baan,"[[114554.76, 484929.655], [114556.333, 484924.788], [114548.257, 484922.207], [114546.695, 484927.063], [114554.76, 484929.655]]",114546.695,484929.655,114556.333,484922.207
ov-baan,"[[114556.419, 484930.189], [114557.175, 484927.882], [114557.995, 484925.319], [114556.333, 484924.788], [114554.76, 484929.655], [114556.419, 484930.189]]",114554.76,484930.189,114557.995,484924.788
ov-baan,"[[114567.44, 484936.821], [114569.281, 484931.046], [114568.482, 484930.821], [114564.588, 484929.684], [114562.358, 484928.971], [114561.77, 484930.828], [114562.003, 484930.904], [114561.389, 484932.857], [114561.209, 484932.797], [114560.589, 484934.651], [114562.809, 484935.36], [114566.567, 484936.551], [114566.616, 484936.566], [114567.44, 484936.821]]",114560.589,484936.821,114569.281,484928.971
fietspad,"[[114563.106, 484947.514], [114559.756, 484945.038], [114550.726, 484942.14], [114550.13, 484943.986], [114554.284, 484945.309], [114557.465, 484946.282], [114557.6863801, 484946.3894087], [114557.9031684, 484946.5058074], [114558.115, 484946.631], [114558.3232067, 484946.7659199], [114558.5256555, 484946.909335], [114558.722, 484947.061], [114559.1462966, 484947.3833421], [114559.5419277, 484947.7402848], [114559.9060801, 484948.12929], [114560.2361645, 484948.5475917], [114560.5298339, 484948.9922156], [114560.785, 484949.46], [114560.9048095, 484949.7180466], [114561.0128825, 484949.9812244], [114561.109, 484950.249], [114565.312, 484951.679], [114569.651, 484953.198], [114568.605, 484950.011], [114568.6049147, 484949.9684072], [114568.6012393, 484949.9259732], [114568.594, 484949.884], [114568.5822706, 484949.8396328], [114568.5665606, 484949.796514], [114568.547, 484949.755], [114567.942, 484948.734], [114567.9538074, 484948.7755576], [114567.9619464, 484948.8179865], [114567.9663549, 484948.8609634], [114567.9669994, 484948.9041611], [114567.9638751, 484948.9472504], [114567.9570056, 484948.9899032], [114567.9464433, 484949.0317946], [114567.9322686, 484949.0726055], [114567.9145896, 484949.1120251], [114567.8935409, 484949.1497531], [114567.8692828, 484949.1855022], [114567.842, 484949.219], [114567.8120554, 484949.2498451], [114567.7795475, 484949.2779759], [114567.7447216, 484949.3031801], [114567.7078401, 484949.3252677], [114567.6691814, 484949.344072], [114567.6290369, 484949.3594513], [114567.5877095, 484949.3712896], [114567.5455108, 484949.3794976], [114567.5027591, 484949.3840134], [114567.4597768, 484949.3848029], [114567.4168881, 484949.3818601], [114567.3744164, 484949.3752073], [114567.3326822, 484949.3648947], [114567.292, 484949.351], [114566.877, 484949.18], [114566.8389746, 484949.1699808], [114566.8019451, 484949.1567472], [114566.7661827, 484949.1403959], [114566.7319492, 484949.1210468], [114566.6994955, 484949.0988417], [114566.6690591, 484949.073943], [114566.6408631, 484949.0465332], [114566.6151139, 484949.016813], [114566.592, 484948.985], [114566.5721148, 484948.9521018], [114566.555049, 484948.9176566], [114566.540922, 484948.8819055], [114566.5298328, 484948.8450987], [114566.5218588, 484948.8074938], [114566.5170561, 484948.769354], [114566.515458, 484948.7309462], [114566.5170759, 484948.6925392], [114566.5218984, 484948.6544019], [114566.5298917, 484948.6168011], [114566.541, 484948.58], [114566.653, 484948.186], [114566.6659234, 484948.1434773], [114566.6825548, 484948.1022634], [114566.7027642, 484948.0626809], [114566.7263933, 484948.0250397], [114566.7532572, 484947.9896345], [114566.7831454, 484947.9567425], [114566.8158241, 484947.9266211], [114566.8510374, 484947.8995062], [114566.8885096, 484947.8756101], [114566.9279474, 484947.8551197], [114566.969042, 484947.8381956], [114567.0114717, 484947.8249702], [114567.0549044, 484947.8155471], [114567.099, 484947.81], [114567.141934, 484947.8083633], [114567.1848509, 484947.8104016], [114567.2274365, 484947.8161001], [114567.2693794, 484947.8254171], [114567.3103726, 484947.8382844], [114567.3501162, 484947.8546079], [114567.3883195, 484947.8742681], [114567.4247028, 484947.8971212], [114567.459, 484947.923], [114564.832, 484945.181], [114564.316, 484946.943], [114564.2852835, 484947.0251455], [114564.2472136, 484947.1041523], [114564.2021069, 484947.1793638], [114564.1503381, 484947.2501549], [114564.0923375, 484947.3159373], [114564.0285872, 484947.3761642], [114563.959617, 484947.4303352], [114563.886, 484947.478], [114563.807672, 484947.5190787], [114563.7259022, 484947.5527899], [114563.6413819, 484947.5788487], [114563.5548256, 484947.5970349], [114563.4669648, 484947.6071947], [114563.3785423, 484947.6092422], [114563.2903054, 484947.6031602], [114563.203, 484947.589], [114563.106, 484947.514]]",114550.13,484953.198,114569.651,484942.14
fietspad,"[[114550.726, 484942.14], [114542.678, 484939.557], [114542.086, 484941.398], [114550.13, 484943.986], [114550.726, 484942.14]]",114542.086,484943.986,114550.726,484939.557
fietspad,"[[114527.23, 484901.843], [114527.1945508, 484901.8348103], [114527.1592153, 484901.8261431], [114527.124, 484901.817], [114527.0892006, 484901.8074641], [114527.0545318, 484901.7974635], [114527.02, 484901.787], [114521.677, 484900.056], [114512.347, 484897.053], [114498.36, 484892.566], [114485.266, 484888.307], [114481.112, 484887.03], [114473.254, 484884.537], [114472.286, 484884.295], [114471.304, 484884.131], [114457.921, 484882.608], [114457.439, 484882.559], [114456.735, 484882.474], [114456.1550261, 484882.3964825], [114455.5778292, 484882.3004497], [114455.004, 484882.186], [114454.6543362, 484882.1068285], [114454.3062916, 484882.0208175], [114453.96, 484881.928], [114441.501, 484878.042], [114430.726, 484874.597], [114403.282, 484865.791], [114401.994, 484865.375], [114401.398, 484867.209], [114411.995, 484870.608], [114445.399, 484881.324], [114453.055, 484883.644], [114453.7699199, 484883.8382952], [114454.4901173, 484884.0120095], [114455.215, 484884.165], [114455.7981241, 484884.2724284], [114456.3835603, 484884.3664449], [114456.971, 484884.447], [114470.888, 484886.068], [114471.0148496, 484886.1065195], [114471.1380037, 484886.1555872], [114471.2565869, 484886.2148546], [114471.3697561, 484886.2839001], [114471.4767071, 484886.3622331], [114471.5766796, 484886.4492968], [114471.6689629, 484886.5444723], [114471.7529011, 484886.647083], [114471.8278975, 484886.7563996], [114471.8934191, 484886.871645], [114471.949, 484886.992], [114471.9954375, 484887.1203981], [114472.0305612, 484887.2523407], [114472.0541061, 484887.386833], [114472.0658947, 484887.5228607], [114472.0658381, 484887.6593983], [114472.0539369, 484887.7954163], [114472.0302806, 484887.929889], [114471.9950477, 484888.0618025], [114471.9485039, 484888.1901621], [114471.891, 484888.314], [114470.818, 484891.605], [114472.688, 484892.173], [114473.749, 484888.888], [114473.8087692, 484888.7172547], [114473.8836788, 484888.5525887], [114473.9731194, 484888.3953414], [114474.0763635, 484888.2467918], [114474.1925714, 484888.1081482], [114474.3207979, 484887.9805383], [114474.46, 484887.865], [114474.6032436, 484887.7661037], [114474.754522, 484887.6799985], [114474.9126957, 484887.6073328], [114475.0765738, 484887.548654], [114475.2449221, 484887.5044038], [114475.4164729, 484887.4749155], [114475.5899343, 484887.4604112], [114475.764, 484887.461], [114475.9405753, 484887.477208], [114476.1150294, 484887.5089459], [114476.2859992, 484887.5559657], [114476.4521487, 484887.6178999], [114476.6121798, 484887.6942646], [114476.764842, 484887.7844632], [114476.9089424, 484887.8877909], [114477.0433551, 484888.0034402], [114477.1670297, 484888.1305075], [114477.279, 484888.268], [114477.374616, 484888.4087219], [114477.4579637, 484888.5570399], [114477.5284436, 484888.711887], [114477.5855487, 484888.8721495], [114477.6288682, 484889.0366746], [114477.6580905, 484889.2042786], [114477.6730054, 484889.3737561], [114477.6735056, 484889.5438879], [114477.6595875, 484889.7134501], [114477.6313513, 484889.8812231], [114477.589, 484890.046], [114476.505, 484893.366], [114478.385, 484893.954], [114478.427, 484893.968], [114479.798, 484889.734], [114479.8363976, 484889.6453149], [114479.8821535, 484889.5601925], [114479.9349402, 484889.479242], [114479.9943801, 484889.4030427], [114480.0600476, 484889.3321399], [114480.1314729, 484889.2670411], [114480.2081448, 484889.2082122], [114480.2895146, 484889.1560741], [114480.375, 484889.111], [114480.4624825, 484889.0738778], [114480.5527477, 484889.0441554], [114480.645171, 484889.0220383], [114480.7391129, 484889.0076797], [114480.8339231, 484889.001179], [114480.9289455, 484889.002581], [114481.0235227, 484889.0118761], [114481.117, 484889.029], [114483.972, 484889.969], [114527.345, 484903.977], [114527.426416, 484904.0095874], [114527.5046845, 484904.0491415], [114527.579211, 484904.0953617], [114527.6494289, 484904.1478968], [114527.7148048, 484904.2063476], [114527.7748418, 484904.2702698], [114527.8290837, 484904.3391778], [114527.8771184, 484904.4125479], [114527.9185807, 484904.4898226], [114527.9531556, 484904.5704146], [114527.9805805, 484904.6537115], [114528.0006467, 484904.7390803], [114528.013202, 484904.8258724], [114528.0181509, 484904.9134281], [114528.0154557, 484905.0010822], [114528.005137, 484905.0881685], [114527.9872732, 484905.1740252], [114527.962, 484905.258], [114527.9294412, 484905.3396063], [114527.889886, 484905.4180604], [114527.8436362, 484905.4927639], [114527.7910446, 484905.563147], [114527.7325123, 484905.6286728], [114527.6684858, 484905.6888415], [114527.5994535, 484905.7431941], [114527.525942, 484905.791316], [114527.4485121, 484905.8328402], [114527.3677542, 484905.8674499], [114527.2842845, 484905.8948811], [114527.1987397, 484905.9149245], [114527.1117722, 484905.9274274], [114527.0240455, 484905.9322942], [114526.9362287, 484905.9294879], [114526.8489918, 484905.9190299], [114526.763, 484905.901], [114533.334, 484907.927], [114533.2520385, 484907.8852356], [114533.1741365, 484907.8363149], [114533.1009173, 484907.7806291], [114533.0329667, 484907.7186238], [114532.9708281, 484907.6507949], [114532.9149987, 484907.5776852], [114532.8659252, 484907.4998794], [114532.824, 484907.418], [114532.790502, 484907.3353654], [114532.7642873, 484907.25014], [114532.7455529, 484907.1629643], [114532.7344398, 484907.0744934], [114532.7310313, 484906.9853926], [114532.7353531, 484906.8963313], [114532.7473728, 484906.8079791], [114532.767, 484906.721], [114532.812525, 484906.6299926], [114532.8656596, 484906.5432079], [114532.9260152, 484906.4612808], [114532.9931504, 484906.3848103], [114533.0665742, 484906.3143559], [114533.1457494, 484906.2504329], [114533.230097, 484906.1935088], [114533.319, 484906.144], [114533.4186267, 484906.0995712], [114533.5219037, 484906.0644533], [114533.6279629, 484906.0389415], [114533.7359129, 484906.0232503], [114533.8448462, 484906.0175115], [114533.9538473, 484906.0217733], [114534.062, 484906.036], [114547.224, 484910.307], [114550.68, 484911.376], [114551.64, 484911.686], [114552.231, 484909.849], [114546.113, 484907.884], [114535.395, 484904.388], [114527.23, 484901.843]]",114401.398,484911.686,114552.231,484865.375
fietspad,"[[114627.004, 484934.902], [114605.034, 484927.904], [114604.6251133, 484927.695306], [114604.2369308, 484927.4502432], [114603.8726783, 484927.1708481], [114603.535383, 484926.8594426], [114603.227848, 484926.5186147], [114602.9526289, 484926.1511968], [114602.7120131, 484925.7602422], [114602.508, 484925.349], [114602.3447678, 484924.9282679], [114602.2198578, 484924.4946116], [114602.1342734, 484924.0515139], [114602.0887018, 484923.6025334], [114602.0835091, 484923.1512759], [114602.1187369, 484922.7013656], [114602.1941023, 484922.2564158], [114602.309, 484921.82], [114602.405, 484921.516], [114599.885, 484920.796], [114599.722, 484921.3], [114599.7093924, 484921.3418779], [114599.6931306, 484921.3824767], [114599.6733422, 484921.4214784], [114599.6501822, 484921.4585773], [114599.6238321, 484921.4934826], [114599.5944984, 484921.5259209], [114599.5624109, 484921.5556379], [114599.5278211, 484921.5824009], [114599.491, 484921.606], [114599.4523724, 484921.6261867], [114599.412116, 484921.6428905], [114599.3705441, 484921.6559814], [114599.3279802, 484921.6653575], [114599.2847556, 484921.670946], [114599.2412067, 484921.6727031], [114599.1976724, 484921.6706154], [114599.1544915, 484921.664699], [114599.112, 484921.655], [114596.849, 484920.97], [114597.403, 484924.266], [114597.4033376, 484924.2536503], [114597.4040044, 484924.2413141], [114597.405, 484924.229], [114597.406335, 484924.2166234], [114597.408002, 484924.2042871], [114597.41, 484924.192], [114597.4189908, 484924.151478], [114597.4313835, 484924.1118638], [114597.447089, 484924.0734424], [114597.4659942, 484924.0364903], [114597.487963, 484924.0012734], [114597.5128376, 484923.968045], [114597.5404387, 484923.9370443], [114597.5705678, 484923.9084944], [114597.6030082, 484923.8826006], [114597.6375264, 484923.8595493], [114597.673874, 484923.8395065], [114597.7117895, 484923.8226162], [114597.751, 484923.809], [114597.7914165, 484923.7987154], [114597.832562, 484923.7919098], [114597.8741376, 484923.7886325], [114597.9158413, 484923.7889074], [114597.95737, 484923.7927324], [114597.9984223, 484923.8000798], [114598.0386997, 484923.8108962], [114598.0779099, 484923.8251031], [114598.1157678, 484923.8425972], [114598.1519986, 484923.8632515], [114598.1863391, 484923.8869158], [114598.2185397, 484923.9134184], [114598.2483667, 484923.9425668], [114598.2756032, 484923.974149], [114598.3000515, 484924.0079358], [114598.321534, 484924.0436818], [114598.3398946, 484924.0811272], [114598.355, 484924.12], [114598.528, 484924.576], [114598.5410447, 484924.6172196], [114598.5504551, 484924.6594175], [114598.5561598, 484924.702274], [114598.5581155, 484924.7454642], [114598.5563076, 484924.7886608], [114598.5507496, 484924.8315366], [114598.5414837, 484924.8737665], [114598.5285801, 484924.9150304], [114598.5121366, 484924.9550158], [114598.4922778, 484924.9934196], [114598.4691542, 484925.0299507], [114598.4429411, 484925.0643322], [114598.4138371, 484925.0963037], [114598.3820628, 484925.1256228], [114598.3478589, 484925.1520674], [114598.3114847, 484925.175437], [114598.2732158, 484925.1955545], [114598.2333423, 484925.2122675], [114598.1921664, 484925.2254493], [114598.15, 484925.235], [114598.1065961, 484925.2408993], [114598.0628413, 484925.2429511], [114598.0190758, 484925.2411396], [114597.9756402, 484925.2354789], [114597.9328723, 484925.2260129], [114597.8911048, 484925.2128154], [114597.8506627, 484925.1959889], [114597.8118604, 484925.1756644], [114597.775, 484925.152], [114600.833, 484929.401], [114600.8345528, 484929.3483779], [114600.8406054, 484929.296082], [114600.8511136, 484929.2444964], [114600.866, 484929.194], [114600.8850455, 484929.1452129], [114600.9081776, 484929.0982254], [114600.9352279, 484929.0533791], [114600.966, 484929.011], [114600.9969159, 484928.9785889], [114601.030562, 484928.9490219], [114601.0666777, 484928.922528], [114601.1049833, 484928.8993126], [114601.1451818, 484928.8795554], [114601.1869619, 484928.8634095], [114601.23, 484928.851], [114601.2715585, 484928.842789], [114601.313656, 484928.8380629], [114601.3560007, 484928.8368545], [114601.3982992, 484928.8391722], [114601.4402583, 484928.845], [114601.4815874, 484928.8542974], [114601.522, 484928.867], [114604.896, 484930.356], [114610.377, 484932.141], [114624.751, 484936.715], [114627.004, 484934.902]]",114596.849,484936.715,114627.004,484920.796
fietspad,"[[114586.925, 484920.51], [114587.641, 484918.099], [114585.861, 484917.551], [114585.061, 484919.95], [114586.925, 484920.51]]",114585.061,484920.51,114587.641,484917.551
fietspad,"[[114577.738, 484918.28], [114580.871, 484915.895], [114577.76, 484914.959], [114572.948, 484913.543], [114572.872836, 484913.5881876], [114572.7971661, 484913.6325228], [114572.721, 484913.676], [114572.1337501, 484913.9747258], [114571.5232765, 484914.2225597], [114570.8939802, 484914.4177152], [114570.2503974, 484914.5587856], [114569.5971677, 484914.6447537], [114568.939, 484914.675], [114568.4850941, 484914.6801972], [114568.031615, 484914.6598423], [114567.58, 484914.614], [114567.2260203, 484914.5599505], [114566.8747894, 484914.490238], [114566.527, 484914.405], [114562.001, 484913.016], [114560.317, 484912.458], [114559.724, 484914.293], [114561.535, 484914.892], [114568.644, 484917.171], [114572.43, 484918.434], [114572.5132851, 484918.4767606], [114572.5926242, 484918.5264614], [114572.6674404, 484918.5827412], [114572.7371896, 484918.6451906], [114572.8013646, 484918.7133554], [114572.8594986, 484918.7867401], [114572.911169, 484918.8648108], [114572.956, 484918.947], [114572.9939984, 484919.0335655], [114573.0244085, 484919.1230792], [114573.0470048, 484919.2148772], [114573.0616197, 484919.3082789], [114573.0681449, 484919.4025917], [114573.066532, 484919.4971161], [114573.056793, 484919.5911513], [114573.039, 484919.684], [114572.997, 484919.764], [114576.802, 484918.79], [114576.7587014, 484918.7962949], [114576.7150192, 484918.7987968], [114576.671285, 484918.7974868], [114576.6278309, 484918.7923749], [114576.5849867, 484918.7834997], [114576.5430777, 484918.7709288], [114576.502422, 484918.7547575], [114576.4633283, 484918.7351086], [114576.4260934, 484918.7121313], [114576.391, 484918.686], [114576.3570828, 484918.6557128], [114576.3260443, 484918.6224816], [114576.2981392, 484918.586579], [114576.2735962, 484918.5482993], [114576.2526165, 484918.5079564], [114576.2353723, 484918.4658811], [114576.2220048, 484918.4224184], [114576.2126237, 484918.3779247], [114576.2073059, 484918.3327648], [114576.206095, 484918.287309], [114576.209001, 484918.24193], [114576.216, 484918.197], [114576.424, 484917.589], [114576.4391365, 484917.5521542], [114576.4573763, 484917.5167417], [114576.4785851, 484917.4830235], [114576.5026066, 484917.4512478], [114576.529264, 484917.4216485], [114576.5583609, 484917.3944438], [114576.5896831, 484917.3698339], [114576.623, 484917.348], [114576.6582476, 484917.329015], [114576.695, 484917.313138], [114576.7329839, 484917.3004868], [114576.7719166, 484917.2911558], [114576.8115085, 484917.2852142], [114576.8514651, 484917.2827063], [114576.8914893, 484917.2836508], [114576.9312832, 484917.2880405], [114576.9705508, 484917.295843], [114577.009, 484917.307], [114577.52, 484917.459], [114577.5613835, 484917.4781819], [114577.6009786, 484917.5008263], [114577.6384962, 484917.526768], [114577.6736624, 484917.5558176], [114577.7062206, 484917.587763], [114577.735933, 484917.622371], [114577.7625827, 484917.659389], [114577.7859752, 484917.6985468], [114577.8059398, 484917.7395585], [114577.8223307, 484917.7821247], [114577.8350282, 484917.8259347], [114577.8439396, 484917.8706686], [114577.849, 484917.916], [114577.8501126, 484917.9646084], [114577.8467981, 484918.0131165], [114577.8390841, 484918.0611218], [114577.8270346, 484918.1082262], [114577.8107495, 484918.154039], [114577.7903638, 484918.1981802], [114577.7660468, 484918.2402836], [114577.738, 484918.28]]",114559.724,484919.764,114580.871,484912.458
fietspad,"[[114560.317, 484912.458], [114552.231, 484909.849], [114551.64, 484911.686], [114559.724, 484914.293], [114560.317, 484912.458]]",114551.64,484914.293,114560.317,484909.849
fietspad,"[[114611.333, 484893.738], [114618.655, 484870.842], [114620.04, 484866.56], [114621.2099672, 484862.9973113], [114622.4009811, 484859.4416032], [114623.613, 484855.893], [114624.4740769, 484853.4127329], [114625.3454152, 484850.9360521], [114626.227, 484848.463], [114628.099381, 484843.3101643], [114630.112218, 484838.210555], [114632.264, 484833.168], [114634.3823944, 484828.5457038], [114636.6175421, 484823.978721], [114638.968, 484819.47], [114639.3035086, 484818.8553315], [114639.640843, 484818.241663], [114639.98, 484817.629], [114640.3211821, 484817.0169807], [114640.6641832, 484816.4059789], [114641.009, 484815.796], [114638.644, 484814.417], [114636.8355808, 484817.6161508], [114635.0999517, 484820.8553694], [114633.438, 484824.133], [114631.6376067, 484827.9071101], [114629.9348977, 484831.726286], [114628.331, 484835.588], [114626.7479258, 484839.4851359], [114625.2178321, 484843.403376], [114623.741, 484847.342], [114622.3181566, 484851.2989898], [114620.9490727, 484855.2748999], [114619.634, 484859.269], [114618.392, 484863.058], [114616.088, 484870.033], [114602.434, 484912.931], [114601.855, 484914.694], [114599.885, 484920.796], [114602.405, 484921.516], [114604.468, 484914.976], [114607.69, 484905.181], [114611.333, 484893.738]]",114599.885,484921.516,114641.009,484814.417
fietspad,"[[114587.643, 484883.025], [114601.508, 484840.234], [114607.13, 484826.259], [114607.66, 484825.086], [114609.223521, 484821.580715], [114610.8523779, 484818.1053091], [114612.546, 484814.661], [114614.1052169, 484811.6266957], [114615.7146988, 484808.6187515], [114617.374, 484805.638], [114617.6125412, 484805.2176912], [114617.8522084, 484804.7980236], [114618.093, 484804.379], [114618.33488, 484803.9606824], [114618.5778806, 484803.5430147], [114618.822, 484803.126], [114616.63, 484801.873], [114615.41, 484803.993], [114613.257, 484807.849], [114611.185, 484811.796], [114609.336, 484815.52], [114607.594, 484819.165], [114606.061, 484822.521], [114604.435, 484825.999], [114602.935, 484829.397], [114601.377, 484833.147], [114599.896, 484837.061], [114598.364, 484841.494], [114585.083, 484882.53], [114584.398, 484884.614], [114581.868, 484892.216], [114577.136, 484906.817], [114576.138, 484909.714], [114575.8866257, 484910.2960095], [114575.5884497, 484910.855487], [114575.2454737, 484911.3886769], [114574.86, 484911.892], [114574.4344554, 484912.3622412], [114573.9718306, 484912.7960537], [114573.4752335, 484913.1905233], [114572.948, 484913.543], [114577.76, 484914.959], [114577.7206559, 484914.9452507], [114577.6826009, 484914.9282558], [114577.6461024, 484914.9081346], [114577.6114166, 484914.8850284], [114577.5787871, 484914.8590994], [114577.5484428, 484914.8305296], [114577.520597, 484914.7995197], [114577.4954451, 484914.7662874], [114577.4731637, 484914.7310661], [114577.4539093, 484914.6941029], [114577.4378171, 484914.6556576], [114577.425, 484914.616], [114577.4152175, 484914.5736425], [114577.4091709, 484914.5305926], [114577.4069066, 484914.4871792], [114577.4084417, 484914.4437338], [114577.4137647, 484914.4005885], [114577.4228347, 484914.3580727], [114577.4355825, 484914.3165114], [114577.4519108, 484914.2762219], [114577.4716948, 484914.2375121], [114577.4947833, 484914.2006776], [114577.521, 484914.166], [114577.573, 484914.111], [114578.898, 484909.996], [114579.014, 484909.513], [114579.253, 484908.744], [114579.473, 484908.066], [114584.344, 484893.085], [114586.982, 484885.379], [114587.326, 484884.181], [114587.643, 484883.025]]",114572.948,484914.959,114618.822,484801.873
